3.307439456947142276e+01,3.455734065657888876e-01,6.814288220607345181e-01,9.866528051727629922e-01,2.177654109589035603e+00,4.662207145660659080e+00,8.619935349476730835e+01,1.238047900011239108e+03,3.173636301071383059e-01,2.213249521239745832e+00,8.947361742320936173e-01,4.049742409136003474e-01,1.000000000000000000e+00
3.916845798679046453e+01,3.457038589780541682e-01,6.801820105828489949e-01,9.863690047642013070e-01,2.326527336105670862e+00,4.709230257243093298e+00,8.720432683510759375e+01,1.435650807000100031e+03,3.214728986495174468e-01,2.202472118405155665e+00,8.775856809224933386e-01,4.637805979785210586e-01,1.000000000000000000e+00
3.880913649706449320e+01,3.473910394065664042e-01,6.831019376097779983e-01,9.856227901018673743e-01,2.334378057729933786e+00,4.655663908986616306e+00,8.618267020369945897e+01,1.348608496982473298e+03,3.209636687533929944e-01,2.198757370879122597e+00,8.757022264180704951e-01,4.648675437714813174e-01,1.000000000000000000e+00
3.298026999755376210e+01,3.502131905962231340e-01,6.987858169800561514e-01,9.870175066847726164e-01,2.121131971624261592e+00,4.575517629310676071e+00,8.396095785208730433e+01,1.269164785623186617e+03,3.300758226250763983e-01,2.167990445072318195e+00,8.855016909656114876e-01,4.289700588249248381e-01,1.000000000000000000e+00
3.085157778864961742e+01,3.470719310731855134e-01,6.974265460914168546e-01,9.885326591825620568e-01,2.044826320939332032e+00,4.587917736973659899e+00,8.409361793286571185e+01,1.344071525562307215e+03,3.261357066221535206e-01,2.178211647634731740e+00,8.834038327040616423e-01,4.368039523365923604e-01,1.000000000000000000e+00
1.926703920009779480e+01,3.590529997504073312e-01,7.331792064181418267e-01,9.857177383361079848e-01,1.566115765655571757e+00,4.271673764509585247e+00,7.789091119400704599e+01,6.738793893016263610e+02,3.644368081877473742e-01,2.055463247519968562e+00,9.466852973855566233e-01,2.209388462715523582e-01,1.000000000000000000e+00
2.172447559931500649e+01,3.579229912221262855e-01,7.262697911272032458e-01,9.877448443623609853e-01,1.680795927103714282e+00,4.376235115342220539e+00,7.970337501725524021e+01,8.855026351229607826e+02,3.525870594312436879e-01,2.090438452938495839e+00,9.268794752424582839e-01,2.893975092945962890e-01,1.000000000000000000e+00
1.900856928816041602e+01,3.588976996970937305e-01,7.333943784224487006e-01,9.885316110592210492e-01,1.571894875244613354e+00,4.298573747727236771e+00,7.800365523611773710e+01,8.279271148921543499e+02,3.542449294182006270e-01,2.083247427215368486e+00,9.320072472910396755e-01,2.703911156631232382e-01,1.000000000000000000e+00
1.908683953033262526e+01,3.587973452725625734e-01,7.372969340471572375e-01,9.908121986302277362e-01,1.552837573385514425e+00,4.343509394986996952e+00,7.830171284643189722e+01,1.037683622650438338e+03,3.490191655582748353e-01,2.097530699936168475e+00,9.283422372536733747e-01,2.924395769626388364e-01,1.000000000000000000e+00
3.725142948874744775e+01,3.401435430015052330e-01,6.700880298339090269e-01,9.856797244484275522e-01,2.318959454500971074e+00,4.757994012782408078e+00,8.858322153515430841e+01,1.299735284256268642e+03,3.127434011257719249e-01,2.228896527193501509e+00,8.968798213172703981e-01,4.008415356844947097e-01,1.000000000000000000e+00
3.353228198385506431e+01,3.182611984591078302e-01,6.257417296001568374e-01,9.899234443881529399e-01,2.430834148727975208e+00,5.068464208462109433e+00,9.466698490960664003e+01,1.662445155997236725e+03,2.885766946710646152e-01,2.318807986282529932e+00,8.384285600332077593e-01,5.706266370470111093e-01,1.000000000000000000e+00
3.265918542074352615e+01,3.211569205192974508e-01,6.286463926861346474e-01,9.895764412176126790e-01,2.333858243639914232e+00,5.027938478967813651e+00,9.379284088079627679e+01,1.565371171272767242e+03,2.870985906920395792e-01,2.324102266045370069e+00,8.626295873255003244e-01,5.079704489049178262e-01,1.000000000000000000e+00
4.032767398483356658e+01,3.225807264808034369e-01,6.294266849545274711e-01,9.881553559354497862e-01,2.474490887964770902e+00,5.022838878784081196e+00,9.378294628209182804e+01,1.701056765172106680e+03,2.862041543994564563e-01,2.329139803855609259e+00,8.613708347547799349e-01,5.202989810051341646e-01,1.000000000000000000e+00
3.838392092710365944e+01,3.257378428163881234e-01,6.459255122621693213e-01,9.869790158058273644e-01,2.371659430039134708e+00,4.893952257158929342e+00,9.095294967815078735e+01,1.472818994755260064e+03,2.983548235206399113e-01,2.290011368289234017e+00,8.805578016908839345e-01,4.548379265556570239e-01,1.000000000000000000e+00
4.267851791829734509e+01,3.268924037263855609e-01,6.471193779302025773e-01,9.856565867116404700e-01,2.454225782778860054e+00,4.893442653496330230e+00,9.084152246419854748e+01,1.486609131103483378e+03,3.004433305468410254e-01,2.286583775627894610e+00,8.780782005051150918e-01,4.660920561832112563e-01,1.000000000000000000e+00
4.311350293542059120e+01,3.249861871884575648e-01,6.481039221009393669e-01,9.867173795143275861e-01,2.440871147260266660e+00,4.935088615081344443e+00,9.137070770037809098e+01,1.621688415822980460e+03,2.956185236689634621e-01,2.301363321456426192e+00,8.687326647923327982e-01,4.962978717535957984e-01,1.000000000000000000e+00
3.605980919765154624e+01,3.259313464896027579e-01,6.586152833416468733e-01,9.884069900108318762e-01,2.204500978473574513e+00,4.875287476247868845e+00,8.959628633664389952e+01,1.554014677938015666e+03,2.960005853674374521e-01,2.296293087004281475e+00,8.774658048059791327e-01,4.654365971447764760e-01,1.000000000000000000e+00
3.306714774951069558e+01,3.230049546509780045e-01,6.625858251020373402e-01,9.901780985319966755e-01,2.111171416340503537e+00,4.867384998388923911e+00,8.916016035135136519e+01,1.681949520408277749e+03,2.937031100154854357e-01,2.302726653655738698e+00,8.720926530659198761e-01,4.851180093616737632e-01,1.000000000000000000e+00
4.373056812622300527e+01,3.187170340500493082e-01,6.277663327276551408e-01,9.862629352877544386e-01,2.627767245596863699e+00,5.038108787437279190e+00,9.422566689356546021e+01,1.590497060880166828e+03,2.833043097052723169e-01,2.329420828742927441e+00,8.863669972342904657e-01,4.503233717923807444e-01,1.000000000000000000e+00
3.597166248776900943e+01,3.206257289810822697e-01,6.456091043818891206e-01,9.882610298625242873e-01,2.356294337084145152e+00,4.938007171413971719e+00,9.169851236811419426e+01,1.530999385191113106e+03,2.888193181715905666e-01,2.311863179998088658e+00,8.941140914394054562e-01,4.237638325290551955e-01,1.000000000000000000e+00
3.635576687866917212e+01,3.200403895184503744e-01,6.386344721700015770e-01,9.895609267000181619e-01,2.415056262230914630e+00,4.989811007928123487e+00,9.265479959034905733e+01,1.739958855285760364e+03,2.856726248865015805e-01,2.323613569578131699e+00,8.757829763926565647e-01,4.862182685897181722e-01,1.000000000000000000e+00
3.381390655577289550e+01,3.191828196768580206e-01,6.455445583033623258e-01,9.907085828747730361e-01,2.305329623287664553e+00,4.946804317151839214e+00,9.152869860628314314e+01,1.818122817048672005e+03,2.858653749572113156e-01,2.323338817475705476e+00,8.712450395978521556e-01,5.017102960498656117e-01,1.000000000000000000e+00
2.988535041585125285e+01,3.159121812727036516e-01,6.432972700259736998e-01,9.923129882178433059e-01,2.178066903131116394e+00,4.955569542124998783e+00,9.146474438970852816e+01,1.942184880521599553e+03,2.835266955080442131e-01,2.335349932012854346e+00,8.536717574752401561e-01,5.518693973865315128e-01,1.000000000000000000e+00
2.031244648972597489e+01,3.185995267042884826e-01,6.621956338000165587e-01,9.936910488098864569e-01,1.828017979452051689e+00,4.789397399610778372e+00,8.792348787639532759e+01,1.608308550905203447e+03,2.894976809620857239e-01,2.313100880278349702e+00,8.818062385544180870e-01,4.511725601107574590e-01,1.000000000000000000e+00
1.792929763943245192e+01,3.147398267283264550e-01,6.591670676328674761e-01,9.948204723834608298e-01,1.785064518101756814e+00,4.745871198271256475e+00,8.725669125242218627e+01,1.729018914609550848e+03,2.882857960648834705e-01,2.321242449825353216e+00,8.560025784827303141e-01,5.258290638672201700e-01,1.000000000000000000e+00
1.737493120107627576e+01,3.076152348286294025e-01,6.526431187658903177e-01,9.959789100329126121e-01,1.808280332681012847e+00,4.698600799428558794e+00,8.659612415067479674e+01,2.158078720702658757e+03,2.881300797453150153e-01,2.329004242153827953e+00,7.768559346732217818e-01,7.515151216804286660e-01,1.000000000000000000e+00
4.166348917563588827e+01,3.306497336080618243e-01,6.767031908588090339e-01,9.850295544624189104e-01,2.222411631604691795e+00,4.682608543906157550e+00,8.616624886520283155e+01,1.390354298832229688e+03,3.200097750523127615e-01,2.221527410123408597e+00,9.093942515610251576e-01,3.689424185674585188e-01,1.000000000000000000e+00
3.946357479207427588e+01,3.294177842750138363e-01,6.713138397382188982e-01,9.872219182879365951e-01,2.218169031311149730e+00,4.752073063731212521e+00,8.737751105619419434e+01,1.542892075585143175e+03,3.106459029077086598e-01,2.251245788070830312e+00,8.922588755376636982e-01,4.198705120221981058e-01,1.000000000000000000e+00
3.820073997064566385e+01,3.276572044845390552e-01,6.635751498212066890e-01,9.891214235177950842e-01,2.242118701076314835e+00,4.799742888882516212e+00,8.839199631020593984e+01,1.754265058914766996e+03,3.003135758626740426e-01,2.288375305551078931e+00,8.493639385560527444e-01,5.384629957944873091e-01,1.000000000000000000e+00
3.055175972358109959e+01,3.271556206739957839e-01,6.738789266843850934e-01,9.909135255583538804e-01,1.992210432974552026e+00,4.694104624937451398e+00,8.602050752989276816e+01,1.679680534622966661e+03,3.046217214432545006e-01,2.271654066362069901e+00,8.671048034448176622e-01,4.849404865488535221e-01,1.000000000000000000e+00
3.010304549902142668e+01,3.224632055655287100e-01,6.630674119708532821e-01,9.923683256044391054e-01,2.038664995107624112e+00,4.691875443921007083e+00,8.646499905457288548e+01,1.970405638252792414e+03,3.005042971635702997e-01,2.291423900114069934e+00,7.724592954036779702e-01,7.251702896320316727e-01,1.000000000000000000e+00
2.270798679060662550e+01,3.169526811705143943e-01,6.591397476268144873e-01,9.949585061048004109e-01,1.872775501467706105e+00,4.655738314699763514e+00,8.599450370266069399e+01,2.249866111027949955e+03,2.965233695285860449e-01,2.305857381453310317e+00,7.132749466109089553e-01,8.655936230066452186e-01,1.000000000000000000e+00
1.083957619863010713e+01,3.229320201517921762e-01,6.864002320361565213e-01,9.964777024707250908e-01,1.409047822896278834e+00,4.388031465703921441e+00,8.049427129131292702e+01,1.537048504041726119e+03,3.017773900355678052e-01,2.287180153543495464e+00,8.716558929882012308e-01,4.540788773817484580e-01,1.000000000000000000e+00
1.227534858121328831e+01,3.081382317060114007e-01,6.654809196871552812e-01,9.974476945087215052e-01,1.541653926125242657e+00,4.476708647127718876e+00,8.272085394210684228e+01,2.401910698211271665e+03,2.952764898946043104e-01,2.319416019521329808e+00,6.998517366009764373e-01,9.217686510318502391e-01,1.000000000000000000e+00
1.081319563356161950e+01,3.085272494435961077e-01,6.784367837022750036e-01,9.975831084749209321e-01,1.411096501956943250e+00,4.305043942673506763e+00,7.924030213058783545e+01,2.234089999226955115e+03,3.009120631904806942e-01,2.303132528515921429e+00,7.419899181695654988e-01,8.294079376246349389e-01,1.000000000000000000e+00
4.391842740949105917e+01,3.172308372061154458e-01,6.516423724664832662e-01,9.860383986698016967e-01,2.510977250489231594e+00,4.922165999848316709e+00,9.202012738610210363e+01,1.571604857669430203e+03,2.927525075501762331e-01,2.291976680651282017e+00,8.733717334980610758e-01,4.862566634478976413e-01,1.000000000000000000e+00
4.443943401418771799e+01,3.222021886756128439e-01,6.612643861594287298e-01,9.870938294686015801e-01,2.476417257827781881e+00,4.823744671207923496e+00,8.998821734484569390e+01,1.720514072414487600e+03,2.972555753076449037e-01,2.279792325160459487e+00,8.630659786867909133e-01,5.130602029560955568e-01,1.000000000000000000e+00
3.105477923189815570e+01,3.150319721503871961e-01,6.186565010616194016e-01,9.898568889253828162e-01,2.326802531800381768e+00,4.921758354518840584e+00,9.211289898032990209e+01,1.529482230926339980e+03,2.748103958147112280e-01,2.374558901694598489e+00,8.655313006020151079e-01,4.927956420270556137e-01,1.000000000000000000e+00
2.585857234589035869e+01,3.123834345858764738e-01,6.222732853613084369e-01,9.908643436704188678e-01,2.209355124755378430e+00,4.821209721130197856e+00,9.038746611756468496e+01,1.413879407905260450e+03,2.765732273692265153e-01,2.371559185547291282e+00,8.650608997850213200e-01,4.804166253297628142e-01,1.000000000000000000e+00
1.992974101027393985e+01,3.104636015884459921e-01,6.349111639506240801e-01,9.918801971745461188e-01,1.976715386497063465e+00,4.665375695519555777e+00,8.728015681546482085e+01,1.225890978866955265e+03,2.836676557199098170e-01,2.346683255767444187e+00,8.725930759974289685e-01,4.408627022256409456e-01,1.000000000000000000e+00
2.135409277152636420e+01,3.038482348795617516e-01,6.307678193749098883e-01,9.930530940388887506e-01,2.038672639432483003e+00,4.619491119652149536e+00,8.665510423911608484e+01,1.535121574669945403e+03,2.774730947276111692e-01,2.376002323395717930e+00,8.282123068056534976e-01,5.865511854000911018e-01,1.000000000000000000e+00
2.961358702299403234e+01,3.425142182036171046e-01,7.066137256564751778e-01,9.875316901722165364e-01,1.982991377201559047e+00,4.600984430247581081e+00,8.419161210020848785e+01,1.186578289620563737e+03,3.299331386806443334e-01,2.172366697948007186e+00,9.097422330523841083e-01,3.549962269428234007e-01,1.000000000000000000e+00
2.789465355919760370e+01,3.379518793902796525e-01,7.028371397633880191e-01,9.890015496848187926e-01,1.927631176614476471e+00,4.636210763592972128e+00,8.456961133696523802e+01,1.267054284654775984e+03,3.216199026210233569e-01,2.194604843174979614e+00,9.044550071703270078e-01,3.711426077206598784e-01,1.000000000000000000e+00
2.572390227495100135e+01,3.367584806155246024e-01,7.100813484682254595e-01,9.905541927135095293e-01,1.840470584637960982e+00,4.631868246947626666e+00,8.405177873819705781e+01,1.360414899240946397e+03,3.251945316151250154e-01,2.182737505578082882e+00,8.975113240012433380e-01,3.968833543105334538e-01,1.000000000000000000e+00
2.275590906311147776e+01,3.318172011333379023e-01,7.054605486343865639e-01,9.924188470986345934e-01,1.773070572407041245e+00,4.664124592143742198e+00,8.459001934664361499e+01,1.499370521059943712e+03,3.155082128359936178e-01,2.209056789246821584e+00,8.827051765983924270e-01,4.429924596648082136e-01,1.000000000000000000e+00
1.977188570205471407e+01,3.317700082315379051e-01,7.091027875746015452e-01,9.938874740076798497e-01,1.664574669765159110e+00,4.600381024566456922e+00,8.346072201236167132e+01,1.615599090147981769e+03,3.144020515901502222e-01,2.213829964992854116e+00,8.771463743178173900e-01,4.661579907596230532e-01,1.000000000000000000e+00
1.416663099315064400e+01,3.289864692497424525e-01,7.171226419648407679e-01,9.951906931435561265e-01,1.461029231898235192e+00,4.541317100135541018e+00,8.197976794656807442e+01,1.471134437054162845e+03,3.278019557183142751e-01,2.169061160655945564e+00,8.810233055846765637e-01,4.493401867403134520e-01,1.000000000000000000e+00
9.803624938845365122e+00,3.523592772733689094e-01,7.465756231005361565e-01,9.956899092786009042e-01,1.202475232387472559e+00,4.210919758881574992e+00,7.541480980700220016e+01,1.135843777326808777e+03,3.579163204121869057e-01,2.073149527706344308e+00,9.019521619193255901e-01,3.631993405659477703e-01,1.000000000000000000e+00
9.547089041095867756e+00,3.361533997599949752e-01,7.387953581011390547e-01,9.966905781137352927e-01,1.233090753424657127e+00,4.306224848711542208e+00,7.697957074905944808e+01,1.440437029697219259e+03,3.510915274964645505e-01,2.091444249186512394e+00,8.591858904983382672e-01,5.080563982048471594e-01,1.000000000000000000e+00
3.680575770547930148e+01,3.425265547389878540e-01,6.422965057512055598e-01,9.880811981757124940e-01,2.452865092954980231e+00,4.959347259775279682e+00,9.270803524638228055e+01,1.542951490428706165e+03,2.945227391901426017e-01,2.278022800832282257e+00,8.887315952742937952e-01,4.471106897534740110e-01,1.000000000000000000e+00
2.637466364970639177e+01,3.442520307009173663e-01,6.653112167561385792e-01,9.900922903054039104e-01,2.070052592954984672e+00,4.867186447392472637e+00,9.002797118146699518e+01,1.330115176782928756e+03,3.024502798507455736e-01,2.246378909778422361e+00,9.067004868120420724e-01,3.776720466565322565e-01,1.000000000000000000e+00
2.795163435665354967e+01,3.403291062382592380e-01,6.540060022144529306e-01,9.911660124178082176e-01,2.193080357142852321e+00,4.974889965005411696e+00,9.212425262575321483e+01,1.580896684902472771e+03,2.964132397028151900e-01,2.262776910221234505e+00,8.794632171920966357e-01,4.718151387781157613e-01,1.000000000000000000e+00
2.304483396526415007e+01,3.391075705426126463e-01,6.717086336172179983e-01,9.927634479200007078e-01,1.961434381115457315e+00,4.911205440533355393e+00,9.014250560349086072e+01,1.591034276744117960e+03,3.010100235405843705e-01,2.244712727361334537e+00,8.754567780997604132e-01,4.776654519802263632e-01,1.000000000000000000e+00
2.149012353228956229e+01,3.344281993726811453e-01,6.637355318858815245e-01,9.936547520378663512e-01,1.977900256849312255e+00,4.980617226171550449e+00,9.158557690640620308e+01,1.691982344356700196e+03,2.976029078417923301e-01,2.254325415773982044e+00,8.587001354317180812e-01,5.317833997745267105e-01,1.000000000000000000e+00
1.789107601516629842e+01,3.306895837494285284e-01,6.712212538843354004e-01,9.950097622932616570e-01,1.815229023972599220e+00,4.949418883178412720e+00,9.047282218688270916e+01,1.790973688789046719e+03,3.025941348168998957e-01,2.236661009472348027e+00,8.465114789141807705e-01,5.648699776686377794e-01,1.000000000000000000e+00
3.212406739236782727e+01,3.260777992282679061e-01,6.110262235643920681e-01,9.908385984333556440e-01,2.593979329745587759e+00,5.228092645221657619e+00,9.804469331927275277e+01,1.751618154013005551e+03,2.873992894310504198e-01,2.296510498386397092e+00,8.069849221501499414e-01,6.547129881251185779e-01,1.000000000000000000e+00
3.087530577299403944e+01,3.322628127770228534e-01,6.160420702515356783e-01,9.904969923319473235e-01,2.511382399706452606e+00,5.185762585960443261e+00,9.693501863793611051e+01,1.623111691919853911e+03,2.878428738331422210e-01,2.289304489061636083e+00,8.216847951989620924e-01,6.083123383439706933e-01,1.000000000000000000e+00
2.481619985322891964e+01,3.389815278615129213e-01,6.349145606632672356e-01,9.903113089627701981e-01,2.177432424168296077e+00,5.015712264802577813e+00,9.341241592112508840e+01,1.279685520668499521e+03,2.940954109944868833e-01,2.269157457785463627e+00,8.745364040078129619e-01,4.443559824044738260e-01,1.000000000000000000e+00
2.405808158023478072e+01,3.435448932839653691e-01,6.457772008316630119e-01,9.889565530950447103e-01,2.089507399706453050e+00,4.884113579173101627e+00,9.091190057626577925e+01,1.088404625721683260e+03,2.990758515370544046e-01,2.258395698613457014e+00,9.071593763655982912e-01,3.523095160181179963e-01,1.000000000000000000e+00
2.532674902152631802e+01,3.452122385889408451e-01,6.626775854378154085e-01,9.880405004447921913e-01,2.004548373287665886e+00,4.754136510370518209e+00,8.797416866652325496e+01,1.058064948638770147e+03,3.051501062291208655e-01,2.245634712460930160e+00,9.201650797622278333e-01,3.215173103253214926e-01,1.000000000000000000e+00
2.706827910958896410e+01,3.449140054222726293e-01,6.671654275432544745e-01,9.866634510085372511e-01,2.019859955968685394e+00,4.681166528683588623e+00,8.664876222014432017e+01,1.014057199294154998e+03,3.072104915627278388e-01,2.241957057146595211e+00,9.248272371769417077e-01,3.088079151073829798e-01,1.000000000000000000e+00
3.975612310420724071e+01,3.413584073073037128e-01,6.427460256403861871e-01,9.860186882164935218e-01,2.445618272994117159e+00,4.844904085709737629e+00,9.024687403260982421e+01,1.420694720240644529e+03,3.007934609486255795e-01,2.264220015175319567e+00,8.955492056556977332e-01,4.156000479334724385e-01,1.000000000000000000e+00
4.385608794031294622e+01,2.947127988564833823e-01,6.505169685860338058e-01,9.869894641819427772e-01,2.410156249999991562e+00,5.139335123336426392e+00,9.513758490640077525e+01,1.684235646347966394e+03,2.775579605076927692e-01,2.314556086816792480e+00,8.774420941772405058e-01,4.637203318937825336e-01,1.000000000000000000e+00
4.279740245841473723e+01,2.981297184699192027e-01,6.528273662598521598e-01,9.862142090479678602e-01,2.386955724070444429e+00,5.092622368599656113e+00,9.449168805094544155e+01,1.551092787044690340e+03,2.828715438954532146e-01,2.295902052043347297e+00,8.885594008606858552e-01,4.351644520549349249e-01,1.000000000000000000e+00
4.131558830724060272e+01,2.976788930879377126e-01,6.535579933109340045e-01,9.876556419907548401e-01,2.387750733855177554e+00,5.098885768733385504e+00,9.438970829926701356e+01,1.672183493561678915e+03,2.846222719817887992e-01,2.284840210477805389e+00,8.725286290864460170e-01,4.806837056542702102e-01,1.000000000000000000e+00
3.603326810176115913e+01,2.946273660648446868e-01,6.536307689964947487e-01,9.899601435150958695e-01,2.286371697651658152e+00,5.074960008874839446e+00,9.385637131896075402e+01,1.793138680161777302e+03,2.794039818691089749e-01,2.305557226571028018e+00,8.501101960137020797e-01,5.396723841204704719e-01,1.000000000000000000e+00
2.785244159735804814e+01,2.919719926173768854e-01,6.574463739193191492e-01,9.922777953786999783e-01,2.075625305772990981e+00,5.019735529302704613e+00,9.270461861854160190e+01,1.802003081745569943e+03,2.762244282639585435e-01,2.319583111821910126e+00,8.369592119415756315e-01,5.667534968666141371e-01,1.000000000000000000e+00
5.025597786203513806e+01,2.874833807707155575e-01,6.316184773193883606e-01,9.870075372770327204e-01,2.683303265655572201e+00,5.241387427703857682e+00,9.765996174096386540e+01,1.932368841394767514e+03,2.619550457748118788e-01,2.396512971195190467e+00,8.260172893933486193e-01,6.490116302255481973e-01,1.000000000000000000e+00
5.238517459637952101e+01,2.894868017007566352e-01,6.216207309693381200e-01,9.861606332716350565e-01,2.735269386007822323e+00,5.288313248258301513e+00,9.894415142197696866e+01,1.891052128167342744e+03,2.608332006202545017e-01,2.398792142461239507e+00,8.251923396601341665e-01,6.462999735562688919e-01,1.000000000000000000e+00
4.547977311643827392e+01,2.935736408293921906e-01,6.494458190861769342e-01,9.858417354957311751e-01,2.433754280821911919e+00,5.155758966517197450e+00,9.540886705358771280e+01,1.604810238610720262e+03,2.717438156832940876e-01,2.364421875455450461e+00,8.594597571354825050e-01,5.356552890945901479e-01,1.000000000000000000e+00
4.986316658512706113e+01,2.920452041804336707e-01,6.416453097403610473e-01,9.849379952487317125e-01,2.538389799412907877e+00,5.177740010608015808e+00,9.600493329657314234e+01,1.653872479490411934e+03,2.668133730185218155e-01,2.379035122080959574e+00,8.592535216594114900e-01,5.409885849910969213e-01,1.000000000000000000e+00
4.581375366927584025e+01,2.918016548652592190e-01,6.111283708739299048e-01,9.877126668740695559e-01,2.723634723581208394e+00,5.294090258434897223e+00,9.940831903382326118e+01,1.862942602536641061e+03,2.609614102111663669e-01,2.385486611797102086e+00,8.294696397788356990e-01,6.137728777031778993e-01,1.000000000000000000e+00
5.106359313845386083e+01,2.969939299483727035e-01,6.232935631024870693e-01,9.860279118321829683e-01,2.756872248043047868e+00,5.211289438696227627e+00,9.760206627525020906e+01,1.826052160268125590e+03,2.681590293650515378e-01,2.360209995911972225e+00,8.485287381918169558e-01,5.636704700391573786e-01,1.000000000000000000e+00
4.666264065557714957e+01,3.010709921224578589e-01,6.481308694836684925e-01,9.864395004414066026e-01,2.540178571428565402e+00,5.063288769748611529e+00,9.388746193325773959e+01,1.719352983267846867e+03,2.778096007241401821e-01,2.330072521699498189e+00,8.690563254931475967e-01,5.008191286413101739e-01,1.000000000000000000e+00
4.280051369863006983e+01,3.047023911148283304e-01,6.692287696892068594e-01,9.870011366265122321e-01,2.201917196673185195e+00,4.852220048129654018e+00,8.926185938322220181e+01,1.644753069649552344e+03,2.880654436885379255e-01,2.296865575908626500e+00,8.891373182123061270e-01,4.418375881283976847e-01,1.000000000000000000e+00
4.839301002935407325e+01,3.022304452055530888e-01,6.771411696302422900e-01,9.848741408114007889e-01,2.245833842954986004e+00,4.843832118554571409e+00,8.894468497636634652e+01,1.598129779452676303e+03,2.925220900797285140e-01,2.286489207658195966e+00,9.029585894022602588e-01,4.015801124009203971e-01,1.000000000000000000e+00
5.072737279843429548e+01,3.018325457967572234e-01,6.822218760565913476e-01,9.836344071915457121e-01,2.248685176125237550e+00,4.791829825956638089e+00,8.793594684591425903e+01,1.548324514099615044e+03,2.935872606467455626e-01,2.287316009848145537e+00,9.131737737916409969e-01,3.668382812947644789e-01,1.000000000000000000e+00
4.224123195939320397e+01,3.068345555103627609e-01,7.012355356498018999e-01,9.830495109299381973e-01,2.055566597358114311e+00,4.648673342270997821e+00,8.486967141487407673e+01,1.244807494789769407e+03,3.101389900839421898e-01,2.229932401744497028e+00,9.304699726635590196e-01,3.042442904475907151e-01,1.000000000000000000e+00
3.733003608121327943e+01,2.882633904075894704e-01,6.151329161906089471e-01,9.890202763855788781e-01,2.442950403620347988e+00,5.286712025166583118e+00,9.872200569480996535e+01,1.698546112754789647e+03,2.600358176568988711e-01,2.384232555436842649e+00,8.581961808376945555e-01,5.342693380058151087e-01,1.000000000000000000e+00
4.358058647260261864e+01,2.920179853063328834e-01,6.267695843808045453e-01,9.859306060433242758e-01,2.493869251467704107e+00,5.220450954426473444e+00,9.699986764259602978e+01,1.547433944984339178e+03,2.697112282039597631e-01,2.353732898355189285e+00,8.782835799502208829e-01,4.756275080206179284e-01,1.000000000000000000e+00
4.733570052592941124e+01,2.922347444680629680e-01,6.180280903764789890e-01,9.844395270290049460e-01,2.649691169275924185e+00,5.262230079608242406e+00,9.833682174581188917e+01,1.519663864264031872e+03,2.673730851965956390e-01,2.361953457879734763e+00,8.732853577239438891e-01,4.879362857565262557e-01,1.000000000000000000e+00
5.329237249266131471e+01,2.911020183528295058e-01,6.135514461134528030e-01,9.846578180108003231e-01,2.799573446673184751e+00,5.295549578184077788e+00,9.913253866659680114e+01,1.735252340184932109e+03,2.623194930783938617e-01,2.377390313701007951e+00,8.407664096157532185e-01,5.843886553982933219e-01,1.000000000000000000e+00
3.465931537426607179e+01,2.938394614996099330e-01,6.424527872923228022e-01,9.860996833247774873e-01,2.265808463796472605e+00,5.131139647655190927e+00,9.496967819053094217e+01,1.245569249281426892e+03,2.780282137100584805e-01,2.318732937664213622e+00,8.904863826755899936e-01,4.192105397818257084e-01,1.000000000000000000e+00
4.274957191780814014e+01,2.885283418120344612e-01,6.304968153789838325e-01,9.881695090351531041e-01,2.472059992661447048e+00,5.202752422255226605e+00,9.638790056852678845e+01,1.805068107867089566e+03,2.634987482160795480e-01,2.370533575234615498e+00,8.277227639919146895e-01,6.179340145098133341e-01,1.000000000000000000e+00
2.453868792808216526e+01,3.029544892230686126e-01,6.611232134091754586e-01,9.951581867769395684e-01,2.013377568493149194e+00,4.994319197621771345e+00,9.142404545229113921e+01,2.531950053084976389e+03,2.769271711003966630e-01,2.332469321926336381e+00,7.159384633996523917e-01,9.103435250013423019e-01,1.000000000000000000e+00
1.821329959637962403e+01,3.090453377267432522e-01,6.681960523184645728e-01,9.957713562955317066e-01,1.785385579745592866e+00,4.843355967972742704e+00,8.868606351821824774e+01,2.151574978233766160e+03,2.852537636645138264e-01,2.302916527682663972e+00,7.987562752095982432e-01,7.021198357708104965e-01,1.000000000000000000e+00
1.856295101516629842e+01,3.059534651618291412e-01,6.545183559426949182e-01,9.965052890640917482e-01,1.861194349315064445e+00,4.840692184702803047e+00,8.924413272973160360e+01,2.653154321128255106e+03,2.778459702676627785e-01,2.339589506571852162e+00,6.989801747258752584e-01,9.701336346390603271e-01,1.000000000000000000e+00
1.362837879158510823e+01,3.103744467064347146e-01,6.701295237039223140e-01,9.972281557937615615e-01,1.631016083659489135e+00,4.627429072947697009e+00,8.505990890680148198e+01,2.455561692874165601e+03,2.850338126299902797e-01,2.324237008711024455e+00,7.336917825741693377e-01,8.767971367249649539e-01,1.000000000000000000e+00
1.125987646771035067e+01,3.152261795366517738e-01,6.840145315846591911e-01,9.978081280094627248e-01,1.467030026908021423e+00,4.419530986942004525e+00,8.091740104597189998e+01,2.565289931547347805e+03,2.954197080107405782e-01,2.297989256861297402e+00,7.254917659156490117e-01,9.036031286724746092e-01,1.000000000000000000e+00
2.204100415851268124e+01,2.961186023116899046e-01,6.447995623860498515e-01,9.877644577192227215e-01,1.950487707925633529e+00,5.063979808862522525e+00,9.405035344827690835e+01,9.001183293916838011e+02,2.749521902296692133e-01,2.326893345213386866e+00,9.137356789724435657e-01,3.168340492834095246e-01,1.000000000000000000e+00
5.990327635763200931e+01,2.898178162214450904e-01,5.906451524136283604e-01,9.867808057145447398e-01,3.037418970156548159e+00,5.428180235502296114e+00,1.021388442862398023e+02,2.264363745284252218e+03,2.514715085271745920e-01,2.420461765814612143e+00,8.009918863535858691e-01,7.211253760253917289e-01,1.000000000000000000e+00
6.914561674412902903e+01,2.926321246211615601e-01,5.974940310768817042e-01,9.851927032696732311e-01,3.164551736790601311e+00,5.370038259795502533e+00,1.010559939639943963e+02,2.333434486348865903e+03,2.554261290642898530e-01,2.407641643056609215e+00,7.850529557617846876e-01,7.507282220680498996e-01,1.000000000000000000e+00
5.543441933708407987e+01,2.952476356964815474e-01,6.093841390701295602e-01,9.854948921330051181e-01,2.908260457436393498e+00,5.250729765486176426e+00,9.873744513160056613e+01,1.909585785707444302e+03,2.634534691751468927e-01,2.381236122569295510e+00,8.468490452214609832e-01,5.785091998302369642e-01,1.000000000000000000e+00
4.392794459393335416e+01,2.966877151120668188e-01,6.323197436096645863e-01,9.869582192641577212e-01,2.571466793052833211e+00,5.138924533399801042e+00,9.594999266725812959e+01,1.682938300273381174e+03,2.663000350585207343e-01,2.370812146018756117e+00,8.747901697934139520e-01,4.899689357853137528e-01,1.000000000000000000e+00
2.220723764677093470e+01,3.025385542902508385e-01,6.790658254744917910e-01,9.886477597685237040e-01,1.833307852250483316e+00,4.849278507591513687e+00,8.894942335480945417e+01,9.773888741449918598e+02,2.945504483359400183e-01,2.264431183815084125e+00,9.287749348732177168e-01,2.884081275372206710e-01,1.000000000000000000e+00
1.864875091731891033e+01,2.982713501210642604e-01,6.896621433665002243e-01,9.911582618204980433e-01,1.683807791095883521e+00,4.848593494435720075e+00,8.820013551938274077e+01,1.053790738113093539e+03,2.966558734187856317e-01,2.254339766769737796e+00,9.263474135659635067e-01,3.011408868227576918e-01,1.000000000000000000e+00
2.991021740459879652e+01,2.296917093685891531e-01,6.769700176559098059e-01,9.939284837742514700e-01,1.995551002935418206e+00,5.321803162639555218e+00,9.697226037596469439e+01,2.460821469450471341e+03,2.481633259449154139e-01,2.389514678372158585e+00,8.062880660872906446e-01,7.324987326551497535e-01,1.000000000000000000e+00
2.050798831947158973e+01,2.487251250115703194e-01,7.047233065701630217e-01,9.956540019399382491e-01,1.653498043052836541e+00,5.070268736064664772e+00,9.133734609023431972e+01,2.356875153343600687e+03,2.732311423169448972e-01,2.302535407075239959e+00,8.131039429572410882e-01,7.073212410829405883e-01,1.000000000000000000e+00
1.496200770547942582e+01,2.719405455805034566e-01,7.200443247732787322e-01,9.965939873241014269e-01,1.460532350782777877e+00,4.825793992553110812e+00,8.656500167674469992e+01,2.193744895785057452e+03,2.992191420635208488e-01,2.223235016833188471e+00,8.265537870174739510e-01,6.600729618838804269e-01,1.000000000000000000e+00
1.157743701076319098e+01,2.846927670442836455e-01,7.350826619932580019e-01,9.973186600816374980e-01,1.283856714774949559e+00,4.607764354046537392e+00,8.235288743273430612e+01,2.156015806462615728e+03,3.084057637606747448e-01,2.193877321902692579e+00,8.333260743820574135e-01,6.355378975060718139e-01,1.000000000000000000e+00
1.238959301614478292e+01,2.981695926511533923e-01,7.050781004058787049e-01,9.953023897047720281e-01,1.375175819471621042e+00,4.674472095557610452e+00,8.416984164386352063e+01,1.317180873427307233e+03,2.900086786539759487e-01,2.292910684196483473e+00,8.702478730701841414e-01,4.700410615831276395e-01,0.000000000000000000e+00
3.861980185909968810e+01,2.999116224814026288e-01,6.675697672233912305e-01,9.887764036506783150e-01,2.333995841487269907e+00,4.990154836422167506e+00,9.203213776915920619e+01,1.718599398670587107e+03,2.980784890823997557e-01,2.264760707014045860e+00,8.544880412518978119e-01,5.502151344507788533e-01,0.000000000000000000e+00
6.027664811643822951e+00,3.033573646609334373e-01,7.299894011302289210e-01,9.966311303650722264e-01,1.019676492172210347e+00,4.453341257970828693e+00,7.931308707776314293e+01,8.935423345768358558e+02,3.102572272182442248e-01,2.226135041958574146e+00,8.962456893350463361e-01,3.465586689904880946e-01,0.000000000000000000e+00
3.510652366682961656e+01,3.037867017447444806e-01,6.748417547646164971e-01,9.893265804728810231e-01,2.171492783757333012e+00,4.956535079393463050e+00,9.088705768537195695e+01,1.642958206697774585e+03,2.999611617997288704e-01,2.255801918702979414e+00,8.706411159946583211e-01,4.970373246965715253e-01,0.000000000000000000e+00
3.083757338551851745e+01,3.076482703871235569e-01,6.927746200767069817e-01,9.890005526429200833e-01,1.918985445205475981e+00,4.828530043973408681e+00,8.827116654369514492e+01,1.400502999900840223e+03,3.025746538187377155e-01,2.247152442861839017e+00,9.066649905871599913e-01,3.799059176347717171e-01,0.000000000000000000e+00
1.654014034980428249e+01,3.162451612014667846e-01,6.960835384898870215e-01,9.957878489991709436e-01,1.596746575342465224e+00,4.541502574893429234e+00,8.263457406555107809e+01,1.961079642678712844e+03,2.977415197528898716e-01,2.277801245075425030e+00,8.447332094656303525e-01,5.852013714502268815e-01,0.000000000000000000e+00
1.559449914383560021e+01,3.066534862542045770e-01,6.781724695620967580e-01,9.971062432119502938e-01,1.635449792074361586e+00,4.587799712109505990e+00,8.407346334207828420e+01,2.691077237793651875e+03,2.900349819683469832e-01,2.319153720671285335e+00,7.453709130641072989e-01,8.887925389239464957e-01,0.000000000000000000e+00
1.066115765655575487e+01,3.113098028123096883e-01,6.940403309827596345e-01,9.978588944199109356e-01,1.366698263209391584e+00,4.332372228492832988e+00,7.921811358136436354e+01,2.486176170153310522e+03,2.947639351186808199e-01,2.310311140763114945e+00,7.666941069473978132e-01,8.335112829372287591e-01,0.000000000000000000e+00
4.182793389187856548e+01,2.964938869407859889e-01,6.362777085497566265e-01,9.879674607496721217e-01,2.577039505870831970e+00,5.194116800814606805e+00,9.661469520304667924e+01,1.736656437050318345e+03,2.687371140928007662e-01,2.349592005420039875e+00,8.544613666890654713e-01,5.482948199355710539e-01,0.000000000000000000e+00
4.092154629403128041e+01,2.918954313208687035e-01,6.255325949117429563e-01,9.899452376981882074e-01,2.627973642367900098e+00,5.164453891709649191e+00,9.653327414282652796e+01,2.033171617318817880e+03,2.618043938418850303e-01,2.380757640516944385e+00,8.159736890229396522e-01,6.639606417872424560e-01,0.000000000000000000e+00
2.994107754403124844e+01,2.901052336577989443e-01,6.367628342489642934e-01,9.922689735376964970e-01,2.312071917808215638e+00,5.040660943417012874e+00,9.395387464941450162e+01,1.934676913562332629e+03,2.642118747462518513e-01,2.378671758778638345e+00,8.193074386799708009e-01,6.400702506167232908e-01,0.000000000000000000e+00
2.956068829500974360e+01,2.802068360549778148e-01,6.152654216815703903e-01,9.946733066698275616e-01,2.397352005870838632e+00,5.058310522163005807e+00,9.489772989125390268e+01,2.772083760287612677e+03,2.543751613120548427e-01,2.428655339458983597e+00,6.611421036359388381e-01,1.062908327845029977e+00,0.000000000000000000e+00
1.516644752935418516e+01,2.817037936648542629e-01,6.654494433169536594e-01,9.961050562472627545e-01,1.628959760273970048e+00,4.890301178120139092e+00,8.927332178311165478e+01,1.944774980934555060e+03,2.675050668767653406e-01,2.375601041060098950e+00,8.315337891981471330e-01,6.128631889885660655e-01,0.000000000000000000e+00
6.908650318003906499e+00,2.891829366805711010e-01,6.975186247675303486e-01,9.976010555962540050e-01,1.155569655088060754e+00,4.540482964688068002e+00,8.210300533918832855e+01,1.438106071329675615e+03,2.818024706502910703e-01,2.336117423040215968e+00,8.530288205656688660e-01,5.220808065664650499e-01,0.000000000000000000e+00
1.331246177837571132e+01,2.774353236111922194e-01,6.611128257143035203e-01,9.971946273580581943e-01,1.573370229941288390e+00,4.788363662087101957e+00,8.786270806284208845e+01,2.369833249494535266e+03,2.611162601679097861e-01,2.411641562443087139e+00,7.935761582339182496e-01,7.372084482126192162e-01,0.000000000000000000e+00
9.351807118395289109e+00,2.754050730564802651e-01,6.702311859920548898e-01,9.980177859277965524e-01,1.364718383072404340e+00,4.551511541376243031e+00,8.369223200420114495e+01,2.355883983580730273e+03,2.590387109084986150e-01,2.423724405155857298e+00,7.868819701834581792e-01,7.476275332477360092e-01,0.000000000000000000e+00
1.274694991438354919e+01,3.043124207756133237e-01,6.736717797812186159e-01,9.976617643470355734e-01,1.578468994618393628e+00,4.558924786854348099e+00,8.363484807508277186e+01,2.722277253050124273e+03,2.848053197376430035e-01,2.325109285403730741e+00,7.307955832220613956e-01,9.187520001212552412e-01,0.000000000000000000e+00
1.080855552837572731e+01,2.993542839324603300e-01,6.857939315093098953e-01,9.979092192329949151e-01,1.384998776908022311e+00,4.376602500190482026e+00,8.029698059122564757e+01,2.581201157089657045e+03,2.814321697514969856e-01,2.344986671486084084e+00,7.618509079329669476e-01,8.386093881906105940e-01,0.000000000000000000e+00
3.509056231653612201e+01,2.957476858754597981e-01,6.468412322086064536e-01,9.925833891253342811e-01,2.292082008317018804e+00,5.235177573168583898e+00,9.610107403774858881e+01,2.363983072987699416e+03,2.817540801479481161e-01,2.310283889451796746e+00,7.708684555254876614e-01,7.722985743980639306e-01,0.000000000000000000e+00
2.599843291340504692e+01,2.987404762895015109e-01,6.725146179769563304e-01,9.939171056534116255e-01,1.945320144324850897e+00,5.142940738268422685e+00,9.325768535795829450e+01,2.135395649982383475e+03,2.851388876733835787e-01,2.297334648366310184e+00,8.237124003935605288e-01,6.272132309601006206e-01,0.000000000000000000e+00
2.114239848336588423e+01,2.956053222427804661e-01,6.733690838995541883e-01,9.948634169604420041e-01,1.806254586594907785e+00,5.167131646166160053e+00,9.337119351083168795e+01,2.056414276252835407e+03,2.847739381832070649e-01,2.291933068919101757e+00,8.273254928062669933e-01,6.133246244636881839e-01,0.000000000000000000e+00
1.812555039138938184e+01,2.936825700210615175e-01,6.780288519442372319e-01,9.956719726681397820e-01,1.701619068003910273e+00,5.103779942733826402e+00,9.225720541000433172e+01,2.092230025291428319e+03,2.870062703732401133e-01,2.282667732977694097e+00,8.066934832022525370e-01,6.619264227547495549e-01,0.000000000000000000e+00
1.655026143590994891e+01,2.886642402670152596e-01,6.629351195731879587e-01,9.965290808934142985e-01,1.722518652152639662e+00,5.138804827638819184e+00,9.336376712826356083e+01,2.381992807708156761e+03,2.777366312511730939e-01,2.313779756329839898e+00,7.251247522945050150e-01,8.674356999955018521e-01,0.000000000000000000e+00
1.350162824119370164e+01,2.848682043698993471e-01,6.642745678691340805e-01,9.973223686104962793e-01,1.616988747553813166e+00,5.062184596224970967e+00,9.197532149616949937e+01,2.518679975496008410e+03,2.737011104763951153e-01,2.335593338050123258e+00,7.021410494344308972e-01,9.338461047187925912e-01,0.000000000000000000e+00
6.604406188845392656e+00,2.785132535078705951e-01,6.812724763477887580e-01,9.980978352036385948e-01,1.175116193737769654e+00,4.502382613939011513e+00,8.225174199496089500e+01,1.733663966998457909e+03,2.692536260583437979e-01,2.388714737230441365e+00,8.268485704611521214e-01,6.218445550823840096e-01,0.000000000000000000e+00
1.147775501467707571e+01,2.820782060560099169e-01,6.599393040886700756e-01,9.979856930333041998e-01,1.564395792563596732e+00,4.979289793438123723e+00,9.068524380169645838e+01,2.845891292601809255e+03,2.653250786825083196e-01,2.375525843229510770e+00,6.682362614956218749e-01,1.052094784731249177e+00,0.000000000000000000e+00
3.910138668052837829e+01,2.631674336186026752e-01,5.971650842133475745e-01,9.938358586829969532e-01,2.764692392367910312e+00,5.642648150032417931e+00,1.051965084051371377e+02,3.168653598763150512e+03,2.582017249951604754e-01,2.382351187482965926e+00,6.680065542459487915e-01,1.113842677112214519e+00,0.000000000000000000e+00
3.413516695205475315e+01,2.749779008160621041e-01,5.999654248595562844e-01,9.944051743821178402e-01,2.579837328767126792e+00,5.611268448999134684e+00,1.040952884986143232e+02,3.047971565451472998e+03,2.616450284840539098e-01,2.368891426063001848e+00,6.678307697293348610e-01,1.100099351502082934e+00,0.000000000000000000e+00
2.355480216487272571e+01,2.839923027545778189e-01,6.358077111843246643e-01,9.940639201425950366e-01,2.058295621330719971e+00,5.383990933888465058e+00,9.932885074443268536e+01,1.982454601705074310e+03,2.615231030795257539e-01,2.364181697307494723e+00,7.993333093472756445e-01,6.975316255719982150e-01,0.000000000000000000e+00
2.477100660469662330e+01,3.133912885907578216e-01,7.126911514823794924e-01,9.928470500393755671e-01,1.749847113502933427e+00,4.772535047867221714e+00,8.567047645306659831e+01,1.730064763371468871e+03,3.159947999229189008e-01,2.200796795916175164e+00,8.499060721660498530e-01,5.405203025956989427e-01,0.000000000000000000e+00
1.881631451810172351e+01,3.155408634002269674e-01,7.175839767314953210e-01,9.946114045003702220e-01,1.567132460861053955e+00,4.757024847391998712e+00,8.515151390582941815e+01,1.744361761268228292e+03,3.161917198449373245e-01,2.198891975870709725e+00,8.468025595939252526e-01,5.486283391281860933e-01,0.000000000000000000e+00
2.032638973825824280e+01,3.063548646981311685e-01,6.861906869362662809e-01,9.957430674902471024e-01,1.744175024461835699e+00,4.865740104036854419e+00,8.812232713173580123e+01,2.385131203294717125e+03,2.932963225175626576e-01,2.275258842605547560e+00,7.367513982753735036e-01,8.466301044368271800e-01,0.000000000000000000e+00
1.168191199853226259e+01,3.152345241282241695e-01,7.108671262333411400e-01,9.967397926974665978e-01,1.368670499021524378e+00,4.602073228101598801e+00,8.284649712270308441e+01,1.789696412913253880e+03,3.199699870019685477e-01,2.193735228152280392e+00,8.222125904867425561e-01,6.055634811018217878e-01,0.000000000000000000e+00
1.045775746086104796e+01,3.121102469831499859e-01,7.003991921546155464e-01,9.977089319786502930e-01,1.358365949119373139e+00,4.552848953946551980e+00,8.241091304941060969e+01,2.279636634557507932e+03,2.987343731510918587e-01,2.269382597706723015e+00,7.582961707958020270e-01,7.891181214478596440e-01,0.000000000000000000e+00
9.881444165851249295e+00,3.054980717738304818e-01,6.908274258262845358e-01,9.982689167341269876e-01,1.354276235322893873e+00,4.435826064302430538e+00,8.097452206613139936e+01,2.850435179173946381e+03,2.884317797434050590e-01,2.323001111971374932e+00,6.797599017736501992e-01,1.040252720681526410e+00,0.000000000000000000e+00
3.963295774217208134e+01,2.890408267563211453e-01,6.095586371308553408e-01,9.850520369321608127e-01,2.537197284735807745e+00,5.123274586357645433e+00,9.702503810536585149e+01,1.324523266288437298e+03,2.528617137868423015e-01,2.436075008463584268e+00,8.712064033898059279e-01,4.894610853010969986e-01,0.000000000000000000e+00
2.489428663160462563e+01,3.226331822500285162e-01,7.191341158219368701e-01,9.928051999828619856e-01,1.736760029354203150e+00,4.682472742712927349e+00,8.411179437145523252e+01,1.728324659703517682e+03,3.143475762917660177e-01,2.189941461806922618e+00,8.742898241907823831e-01,4.860496750358009876e-01,0.000000000000000000e+00
2.461340355919758949e+01,3.180007913399701125e-01,7.055352755144275179e-01,9.940989855830282274e-01,1.803449119373774945e+00,4.718096188897132670e+00,8.530585578466380525e+01,2.083351722560590133e+03,3.147901084157638252e-01,2.196474535066678335e+00,8.439920244854874909e-01,5.895531264602402732e-01,0.000000000000000000e+00
1.639766542318978182e+01,3.305989501530645081e-01,7.092981635444037813e-01,9.955269507738004897e-01,1.565481286692758323e+00,4.590900740054564722e+00,8.285046380059468163e+01,1.830897452879100456e+03,3.254375520918983966e-01,2.154677723237010678e+00,8.421597919659689069e-01,5.684443713502052020e-01,0.000000000000000000e+00
1.824697284735812630e+01,2.991117798110619619e-01,6.607819686606904996e-01,9.969349722204444708e-01,1.869350843933463180e+00,4.884327837415308515e+00,8.963792555712110754e+01,2.973213874802866485e+03,2.750920332327950746e-01,2.322663974337646042e+00,6.718902090797200799e-01,1.061039369887176731e+00,0.000000000000000000e+00
2.827236729452042496e+01,2.826595290427904583e-01,6.330453079720722576e-01,9.907465840639572141e-01,2.295690129647739663e+00,5.362594295572634451e+00,9.979644941776845712e+01,1.526624356291256845e+03,2.671940062718931586e-01,2.336154937869248105e+00,8.095911879790946841e-01,6.260050263158429829e-01,0.000000000000000000e+00
2.775559564579245375e+01,2.860586727906923032e-01,6.553881508255336996e-01,9.907568375070107125e-01,2.185221991193731395e+00,5.263925727194727955e+00,9.697042531672909149e+01,1.500436739344091620e+03,2.719269744993653148e-01,2.328684257734570995e+00,8.197887335845734924e-01,6.051024021586666191e-01,0.000000000000000000e+00
3.040607418052826816e+01,2.847078049476629014e-01,6.554449496848503420e-01,9.898978380586691550e-01,2.266741071428563625e+00,5.295806007703645513e+00,9.733764798353250569e+01,1.503893766178691294e+03,2.699261598463635892e-01,2.338588844612543127e+00,8.198632965213619173e-01,6.103236294419485120e-01,0.000000000000000000e+00
2.407413466242654820e+01,2.865872589298688045e-01,6.638816337305992743e-01,9.905821284959114292e-01,2.024798189823870942e+00,5.240227193975415254e+00,9.605373702161946881e+01,1.277193147284080624e+03,2.798534382018260658e-01,2.304404861571073937e+00,8.530613566108513623e-01,5.091632439584936609e-01,0.000000000000000000e+00
2.743791279354201151e+01,2.819629448492399493e-01,6.526937628631093169e-01,9.902616374260062582e-01,2.130358671722111019e+00,5.271602963828329713e+00,9.714613138745410481e+01,1.407822921691447846e+03,2.679955877829343081e-01,2.341560248297063218e+00,8.524610841122921556e-01,5.312105384111528439e-01,0.000000000000000000e+00
4.184462145303314173e+01,3.123318180710368264e-01,7.111028030064010519e-01,9.889022671622449412e-01,2.066008745107625888e+00,4.815843272373162343e+00,8.708821088488961948e+01,1.883592649396843626e+03,3.128542091290000826e-01,2.204108001526428495e+00,8.791308047075290233e-01,4.747195801535528115e-01,0.000000000000000000e+00
4.160304549902139826e+01,2.886491829851779434e-01,6.078983896672532916e-01,9.855226670347754236e-01,2.514730613992163022e+00,5.167405152953760350e+00,9.751036992735230058e+01,1.435576688933404512e+03,2.511687045334838331e-01,2.446228411103863465e+00,8.767901109240483493e-01,4.799745283967015164e-01,0.000000000000000000e+00
3.601740612769072669e+01,3.222680548620937557e-01,7.187222836874710419e-01,9.898507300547734200e-01,1.951496758806258391e+00,4.744472752119014203e+00,8.548962280433271133e+01,1.772734220966463909e+03,3.211765567248221487e-01,2.174651358620272923e+00,8.814406534365843982e-01,4.617250402013345356e-01,0.000000000000000000e+00
2.901744434931495675e+01,3.258058081894749658e-01,7.278204225462325816e-01,9.920950259833472007e-01,1.772130320450092889e+00,4.672810036442635706e+00,8.375214164826165586e+01,1.833613416115505970e+03,3.244824366993270814e-01,2.160724910841424595e+00,8.742798120365478098e-01,4.838928681303715784e-01,0.000000000000000000e+00
2.483109099804300612e+01,3.195180969548538918e-01,7.231624978387173330e-01,9.941353647874433541e-01,1.665377323874751569e+00,4.672830146387056516e+00,8.371843145928352214e+01,2.114939181422290858e+03,3.229747246368788183e-01,2.167607793297753993e+00,8.219084359297994524e-01,6.260602581259979704e-01,0.000000000000000000e+00
1.933000550391383143e+01,3.190616085517166134e-01,7.224125748820627857e-01,9.957687781046358211e-01,1.533864359099798902e+00,4.583428298901608855e+00,8.228631032895897590e+01,2.281831178540931433e+03,3.299917588010430336e-01,2.151363421534993492e+00,7.679388016986194998e-01,7.593621610455325577e-01,0.000000000000000000e+00
1.345757399706454294e+01,3.162967835847248499e-01,7.153150758174342538e-01,9.971568541273789776e-01,1.407304916829742236e+00,4.498502164216920285e+00,8.112117004599269876e+01,2.364017113558467827e+03,3.169255203392822295e-01,2.192941444777580795e+00,7.279034147213678807e-01,8.529050236165167664e-01,0.000000000000000000e+00
3.039856745352239642e+01,3.038937303556075165e-01,6.806841678490891390e-01,9.927376792879958334e-01,1.933119801859095377e+00,4.702987582797761412e+00,8.595422217092098549e+01,2.090708124141776352e+03,2.855576059082522988e-01,2.315089743902673192e+00,7.951775888213887811e-01,6.888527845060989918e-01,0.000000000000000000e+00
2.271970554060656866e+01,3.013119471409697048e-01,6.754796884363595266e-01,9.946981036603910198e-01,1.780286815068486295e+00,4.712099575946681718e+00,8.633125774692723553e+01,2.140236770916133537e+03,2.839585083420388401e-01,2.323320764938116678e+00,7.815692542935721576e-01,7.316966211362405659e-01,0.000000000000000000e+00
1.473306782045005825e+01,2.980649191791197028e-01,6.697941765365148514e-01,9.966233428766601010e-01,1.611897627201562155e+00,4.623430771503743486e+00,8.506575679129738887e+01,2.179056615054127178e+03,2.826475779875181615e-01,2.336317499887163862e+00,7.565282754076179117e-01,7.919992087347620391e-01,0.000000000000000000e+00
1.215114359099801433e+01,2.929948654001245933e-01,6.660896023842889369e-01,9.975608831468810722e-01,1.519470095401169285e+00,4.566248665995620293e+00,8.424029991911312720e+01,2.487739539325004444e+03,2.716707383224274963e-01,2.383831370534714278e+00,7.144628801906947047e-01,9.192100337273049204e-01,0.000000000000000000e+00
1.035539995107630240e+01,2.899872886977902797e-01,6.723783875393919418e-01,9.979368473611998080e-01,1.404315985812132572e+00,4.354034960147278532e+00,8.049537652792645304e+01,2.506131292699355981e+03,2.715791196096688509e-01,2.391369908562526181e+00,7.291823987034149468e-01,9.101755584547561728e-01,0.000000000000000000e+00
4.153024859344413500e+01,2.884571730493621367e-01,6.114306627344893164e-01,9.853648371444285736e-01,2.418167502446176176e+00,5.120126672858531514e+00,9.637336971579253486e+01,1.417582119602928287e+03,2.525960790226235986e-01,2.444502064609491043e+00,8.930324913235381246e-01,4.344723719978476062e-01,0.000000000000000000e+00
2.254727250489229107e+01,2.771384039420989320e-01,6.610354687829531617e-01,9.950440911809322886e-01,1.826580846379641132e+00,4.823253689418383061e+00,8.877828875914495654e+01,2.272415594235513709e+03,2.637164498737547547e-01,2.387372514729020789e+00,7.394579825922846794e-01,8.257629768322823915e-01,0.000000000000000000e+00
1.637566505626218571e+01,2.720105497620596280e-01,6.528604363734384908e-01,9.963703314193198546e-01,1.702597541585123775e+00,4.746361967675323257e+00,8.793078991793198895e+01,2.253298084829410072e+03,2.594838441291358322e-01,2.407727343265766429e+00,7.476079962507355958e-01,8.162220173593199846e-01,0.000000000000000000e+00
1.196792441291582954e+01,2.604928848883882875e-01,6.506007171496531738e-01,9.976537688779317792e-01,1.549657534246572599e+00,4.737398020479964167e+00,8.774911532706030926e+01,2.547423763762446470e+03,2.516399952291976660e-01,2.438939853165524863e+00,6.939949481748044491e-01,9.690487242070930929e-01,0.000000000000000000e+00
1.169324088796475891e+01,2.527893504435478889e-01,6.402616974422906670e-01,9.979211273280177430e-01,1.552218383072404784e+00,4.612023715334347074e+00,8.634643389332531171e+01,2.808710351756773889e+03,2.397677586413919926e-01,2.493195939840888720e+00,6.968494301836472005e-01,1.002720981258227839e+00,0.000000000000000000e+00
4.803718199608600514e+01,2.933002640511999104e-01,6.243237678511612820e-01,9.892020878441241116e-01,2.840936888454006937e+00,5.235233393409321145e+00,9.807572156534533292e+01,2.222234480155108031e+03,2.726440247788559645e-01,2.351083281381623369e+00,7.642412800632882863e-01,8.115582717344924646e-01,0.000000000000000000e+00
4.684398697407043244e+01,2.987254951994799956e-01,6.418684144189528151e-01,9.877695747976653617e-01,2.725041279354206480e+00,5.095195730130562595e+00,9.502997990998090927e+01,1.913213403112953529e+03,2.838920852518640459e-01,2.312901164230874329e+00,8.166242950246669352e-01,6.688326502565505871e-01,0.000000000000000000e+00
5.305146159491187774e+01,3.012612995461896315e-01,6.380717022721170695e-01,9.877250977539371313e-01,2.807630565068492512e+00,5.116900963376746603e+00,9.535104798691492078e+01,2.158947915206299513e+03,2.805588380724657327e-01,2.324980093065489140e+00,7.912118181120604277e-01,7.415000687934100165e-01,0.000000000000000000e+00
5.427707619863008404e+01,2.914145474021971882e-01,6.248563343242009571e-01,9.896584158809761389e-01,2.859734283268102750e+00,5.268207324678251702e+00,9.823307941452068803e+01,2.621409056517702993e+03,2.682047323614824563e-01,2.371435266556365384e+00,7.303408274601679295e-01,9.312880733636198505e-01,0.000000000000000000e+00
4.242652274951071689e+01,2.986701876547552814e-01,6.419476859999778684e-01,9.902284322175726183e-01,2.493395303326807699e+00,5.167044901115658284e+00,9.567724242968952808e+01,2.168790213695363491e+03,2.784490349295083433e-01,2.328999326460810426e+00,7.885405481792986393e-01,7.476166189691304531e-01,0.000000000000000000e+00
4.241771648727979738e+01,3.006840079816921474e-01,6.491258452258790168e-01,9.890436592949026773e-01,2.417426002935417539e+00,5.090294657316840166e+00,9.409695604017463211e+01,1.933960908920955262e+03,2.836136143596377224e-01,2.309205231746659592e+00,8.358276806247886270e-01,6.110876416949398982e-01,0.000000000000000000e+00
4.575533573874748328e+01,2.871207244615157084e-01,6.070915919250611248e-01,9.841026879624631407e-01,2.532625978473576733e+00,5.167465294387672436e+00,9.757413399571980506e+01,1.437821660844376311e+03,2.506509756203740835e-01,2.453301467750447884e+00,8.930418011441361159e-01,4.325359932142432973e-01,0.000000000000000000e+00
4.638143652152629670e+01,3.003609123271733794e-01,6.540070178392801692e-01,9.874707619960515492e-01,2.412977005870839076e+00,5.048143613082469727e+00,9.313656136753614589e+01,1.849239921574582695e+03,2.841580925451125950e-01,2.309814859961489830e+00,8.600202028756029904e-01,5.351230162450482108e-01,0.000000000000000000e+00
4.149606317270045253e+01,3.043510397379071697e-01,6.739390057099692299e-01,9.856625966898809876e-01,2.229474987769076488e+00,4.874256859777328366e+00,8.947703266895045715e+01,1.445811394124510116e+03,2.976145001885015517e-01,2.264057089074070994e+00,8.982503899023868144e-01,4.111182608229498880e-01,0.000000000000000000e+00
3.223373287671223864e+01,2.912978771232219710e-01,6.649549371695308020e-01,9.906065863743205302e-01,2.051010579745593532e+00,4.979467207404820961e+00,9.133047464249736436e+01,1.714576053228229284e+03,2.702406218741089106e-01,2.363757895817254262e+00,8.679592185944784433e-01,4.892592270257565268e-01,0.000000000000000000e+00
1.632922578277882408e+01,2.919359242720417358e-01,6.851438945426695515e-01,9.938580611661601560e-01,1.589828461350289990e+00,4.853422301962178054e+00,8.843540626814734651e+01,1.328359501934610307e+03,2.801909604750107974e-01,2.328204535114894114e+00,8.870898952882271260e-01,3.988454890852313195e-01,0.000000000000000000e+00
2.369246116682970182e+01,2.787697439854932013e-01,6.283148090471634140e-01,9.949680311593475102e-01,2.074845584637960538e+00,5.153068170994494324e+00,9.578054926686716897e+01,2.352244628317988827e+03,2.549577093159314245e-01,2.423795254114987863e+00,7.035958819033112377e-01,9.173086236890473089e-01,0.000000000000000000e+00
1.984581396771034179e+01,2.746766518893734021e-01,6.244688001507997521e-01,9.961663766245354434e-01,1.989901846868881163e+00,5.056118119818402867e+00,9.430566436513178985e+01,2.585997860900533851e+03,2.517879920196719468e-01,2.446022118559016079e+00,6.626525059691630304e-01,1.029841455887832824e+00,0.000000000000000000e+00
1.934852005870839520e+01,2.647019007865009099e-01,6.087285197619745070e-01,9.967272797160502407e-01,2.037304305283753170e+00,5.006796851021281469e+00,9.406483080473265090e+01,2.952931053929598420e+03,2.428268469229806215e-01,2.484992637028042850e+00,6.432478978531435132e-01,1.124565152920720790e+00,0.000000000000000000e+00
1.936700403620353939e+01,2.564595406730736382e-01,5.990890856479638149e-01,9.970202661106550845e-01,2.040147994129160480e+00,4.863722055442290859e+00,9.196575235074313071e+01,3.245828816250068485e+03,2.370174107200000435e-01,2.514257914303050789e+00,6.760596847452688962e-01,1.087727702243243888e+00,0.000000000000000000e+00
7.784910867172182236e+01,2.851267222459706319e-01,5.416149097362784604e-01,9.852087007397126728e-01,3.913772015655564651e+00,5.708987139451393134e+00,1.099889308642832901e+02,2.629615220387917361e+03,2.419865833653602749e-01,2.468564543109998954e+00,6.778272996889427304e-01,1.066257349982317582e+00,0.000000000000000000e+00
4.862083384295487321e+01,2.907965204731722819e-01,5.788880478305749033e-01,9.864423339978838357e-01,3.085455907534243369e+00,5.491256757731510341e+00,1.044724932244680957e+02,1.791821836749775684e+03,2.522135050676297396e-01,2.426259273683530004e+00,7.837299834063742310e-01,7.289812035309684024e-01,0.000000000000000000e+00
4.942362555039127869e+01,3.111418153671021147e-01,6.851125974629320714e-01,9.812584493112818107e-01,2.314541034735807745e+00,4.730703453807729275e+00,8.695231029506769005e+01,1.317226531816864735e+03,3.069777454948052764e-01,2.238678182787914750e+00,8.991610911616589874e-01,4.006759177321158605e-01,0.000000000000000000e+00
1.944641328277881698e+01,2.961565246473455426e-01,6.524665010170800361e-01,9.935996588670050755e-01,1.745726822407041023e+00,4.675859337920106995e+00,8.680789951363978219e+01,1.517524518757461919e+03,2.696346782904583961e-01,2.388364693555485196e+00,8.828654272365383804e-01,4.458117814846331295e-01,0.000000000000000000e+00
1.999803540851268480e+01,2.873371470005882111e-01,6.279239153129421158e-01,9.950781304688458562e-01,1.912740031800389096e+00,4.741243517305337107e+00,8.897143107759166014e+01,2.029156089080832317e+03,2.602156007778830826e-01,2.434908916933316014e+00,7.606380826327949762e-01,7.790733561401032015e-01,0.000000000000000000e+00
1.680149981653617175e+01,2.794195625708233988e-01,6.256325909749372860e-01,9.959584939977184082e-01,1.779247186888452958e+00,4.657907604837044246e+00,8.775999627404934245e+01,2.075955040437969728e+03,2.590721006854437292e-01,2.448324104429201231e+00,7.584468323329929262e-01,7.999589963009261506e-01,0.000000000000000000e+00
1.889245199363987382e+01,2.910669081091272758e-01,6.788823147274292147e-01,9.934525801715570203e-01,1.748769263698626286e+00,4.673683875813089195e+00,8.599376694130359056e+01,1.441273806920609786e+03,2.867121352173853666e-01,2.287813001566934012e+00,8.977313581272028387e-01,3.969574933227143498e-01,0.000000000000000000e+00
3.767278467465744995e+01,3.009121477861334548e-01,6.611070424341917162e-01,9.899314457396839462e-01,2.209171660958899608e+00,4.992205459014535052e+00,9.182061863352109299e+01,1.869150267954682931e+03,2.825266913569066674e-01,2.306545422068807749e+00,8.472315589315257967e-01,5.648759471059308090e-01,0.000000000000000000e+00
2.390319227005866409e+01,3.001953320877981946e-01,6.722237395366119639e-01,9.935638629830686464e-01,1.874778314579252925e+00,4.874357446287580942e+00,8.940181248052013530e+01,1.855256019948268658e+03,2.888517646060790867e-01,2.290326481673272241e+00,8.409036466910038143e-01,5.688309886170298535e-01,0.000000000000000000e+00
1.497643254647747213e+01,3.008459822764898428e-01,6.706895223111061233e-01,9.955530907444859468e-01,1.655653742661444605e+00,4.786223081637080767e+00,8.778182997031335333e+01,1.682215794165604166e+03,2.868522567441686988e-01,2.298479775065369601e+00,8.475523638480808586e-01,5.327525957637143650e-01,0.000000000000000000e+00
1.389412610078275279e+01,2.946455659705156660e-01,6.648167605205550501e-01,9.969277170675781008e-01,1.643124694227003246e+00,4.770757253624013927e+00,8.765731638701889494e+01,2.258726161910628434e+03,2.766019033151678741e-01,2.348351043575316766e+00,7.296005275275092572e-01,8.582358988796696675e-01,0.000000000000000000e+00
1.310559105919763212e+01,2.874260912080901509e-01,6.607589168129850421e-01,9.972239381522700619e-01,1.603924596379645129e+00,4.680503318366048937e+00,8.623842457388735738e+01,2.357499271011081873e+03,2.732987044437322766e-01,2.371735969916624498e+00,7.311778317089192569e-01,8.832316671844083755e-01,0.000000000000000000e+00
4.129215080724065245e+01,3.171765501933206388e-01,7.002683487275154217e-01,9.817285313324993767e-01,2.122920743639920449e+00,4.638062760675364160e+00,8.490816169446812012e+01,1.128820648867404088e+03,3.162217998469714075e-01,2.205956971688213475e+00,9.042914863384794444e-01,3.740946191802637100e-01,0.000000000000000000e+00
5.320436338062613402e+01,3.095075967413593587e-01,6.724395767660210632e-01,9.839423480044636738e-01,2.492294520547937431e+00,4.816623176086642033e+00,8.878666199002833537e+01,1.654942329071564018e+03,2.951649233000352979e-01,2.272568136231597702e+00,8.580131302296649665e-01,5.227457400596104975e-01,0.000000000000000000e+00
3.706124633072401764e+01,2.055362365938744884e-01,6.358761311234231162e-01,9.889521603516926440e-01,2.370130565068491180e+00,5.578007601274780569e+00,1.033540235494895541e+02,1.676029891056110500e+03,2.385129370959475636e-01,2.433076916298739345e+00,8.139831278240308166e-01,6.405826030626752265e-01,0.000000000000000000e+00
4.717228014921717971e+01,2.027075749445930164e-01,6.276130156886655653e-01,9.883788649079046085e-01,2.629341976516632595e+00,5.599739217459366536e+00,1.042446923963745746e+02,2.028108394778333604e+03,2.315111057541798800e-01,2.462379533148702393e+00,8.006431180110666901e-01,7.034591260242202271e-01,0.000000000000000000e+00
4.147053877201552297e+01,2.117555164229392994e-01,6.446609814855596143e-01,9.887435396150233702e-01,2.439250550391384831e+00,5.458180042189745507e+00,1.010630361281009897e+02,1.840594330234322115e+03,2.382150657067541033e-01,2.431211716492144959e+00,8.324782799463719130e-01,6.151545844903106852e-01,0.000000000000000000e+00
3.890596715998032806e+01,3.111692068287540414e-01,6.917537102110752345e-01,9.868398431691681738e-01,2.112256910469664906e+00,4.693876889512515582e+00,8.579775990889891091e+01,1.476612380168036907e+03,3.037044101511128247e-01,2.240528567740013077e+00,8.814487982308492064e-01,4.455188696027771456e-01,0.000000000000000000e+00
3.732814028864965650e+01,3.051539254518244593e-01,6.395134931950102741e-01,9.907596962989136946e-01,2.537816475048920051e+00,5.202484964956513025e+00,9.691149823718440359e+01,2.018154185235485784e+03,2.849932500685099512e-01,2.291390692166657139e+00,7.844156156061217189e-01,7.420496979770946355e-01,0.000000000000000000e+00
4.420383592221127600e+01,3.026041965896598129e-01,6.391667633603638210e-01,9.898032888724749290e-01,2.693798923679057378e+00,5.252060646039326208e+00,9.746584157169478146e+01,2.165740945320343599e+03,2.839121013821568340e-01,2.298414103497705696e+00,7.869863702799193561e-01,7.557521054250898596e-01,0.000000000000000000e+00
3.547871055528360529e+01,3.080705987550708125e-01,6.822732474632188238e-01,9.858443218281268683e-01,1.992439762720149554e+00,4.820190112814295880e+00,8.830229558320239391e+01,1.251943796541541815e+03,2.977053335052914917e-01,2.266374552506179807e+00,9.243239706265740097e-01,3.263264336829588830e-01,0.000000000000000000e+00
3.260108855185903565e+01,2.979931292704020573e-01,6.619595763025238888e-01,9.929843543332255162e-01,2.089522688356162838e+00,4.879981168181531714e+00,8.963912822365935540e+01,2.321101985125322244e+03,2.793949395709205419e-01,2.334422832822684590e+00,7.416720914188772440e-01,8.489377496653673916e-01,0.000000000000000000e+00
1.518632277397256480e+01,3.048545283880634837e-01,6.664850782696201126e-01,9.920401032260595109e-01,1.645761986301366386e+00,4.735276258402348226e+00,8.722553878643672931e+01,9.530610446421778761e+02,2.767664419952780008e-01,2.344309346424996221e+00,9.266792739799711853e-01,2.834408564891741089e-01,0.000000000000000000e+00
